MAJOR_GROUP,TAXON,STATE,ORIGIN,SOURCE,NO.,SIZE_CLASS_[MM],MEAN_LENGTH_[MM],TOTAL_WET_WT_[MG],TOTAL_DRY_WT_[MG],INDIVIDUAL_WET_WT_[MG],INDIVIDUAL_DRY_WT_[MG]
Insecta, Diptera; Chironomidae;  Orthocladinae sp.,larva,LEF El Verde [2005],f,350,5-Apr,4.5,122,11,0.35,0.031
Insecta, Diptera; Chironomidae;  Orthocladinae sp.,larva,LEF El Verde [2005],f,44,7-May,6,44,,1,
Insecta, Diptera; Chironomidae;  Orthocladinae sp.,larva,LEF El Verde [2006],f,39,12-Oct,11,,16.27,,0.417
Insecta, Diptera; Tipulidae;  Trentepohlia dominicana,larva,LEF El Verde [2004],f,2,6,6,3,,1.5,
Insecta, Diptera; Tipulidae;  Trentepohlia dominicana,larva,LEF El Verde [1996],a,58,9-Jun,7.5,32.5,23.8,0.56,0.41
Insecta, Diptera; Tipulidae;  Trentepohlia dominicana,larva,LEF El Verde [2004],f,3,8,8,6,,2,
Insecta, Diptera; Tipulidae;  Trentepohlia dominicana,larva,LEF El Verde [2004],f,5,8,8,11,,2.2,
Insecta, Diptera; Tipulidae;  Trentepohlia dominicana,larva,LEF El Verde [],f,9,9,9,17,2,1.89,0.222
Insecta, Diptera; Tipulidae;  Trentepohlia dominicana,larva,LEF El Verde [2004],f,4,10,10,15,,3.75,
Insecta, Diptera; Tipulidae;  Trentepohlia dominicana,larva,LEF El Verde [2004],f,3,10,10,13,,4.33,
Insecta, Diptera; Tipulidae;  Trentepohlia dominicana,larva,LEF El Verde [],f,6,12-Oct,11,40,5,6.67,0.833
Insecta, Diptera; Tipulidae;  Trentepohlia dominicana,larva,LEF El Verde [2004],f,3,11,11,31,,10.3,
Insecta, Diptera; Tipulidae;  Trentepohlia dominicana,larva,LEF El Verde [],f,3,12,12,17,2,5.67,0.667
Insecta, Diptera; Tipulidae;  Trentepohlia dominicana,larva,LEF El Verde [2004],f,1,12,12,6,,6,
Insecta, Diptera; Tipulidae;  Trentepohlia dominicana,larva,LEF El Verde [2004],f,3,12,12,23,,7.67,
Insecta, Diptera; Tipulidae;  Trentepohlia dominicana,larva,LEF El Verde [2004],f,2,12,12,17,,8.5,
Insecta, Diptera; Tipulidae;  Trentepohlia dominicana,larva,LEF El Verde [1996],a,56,15-Oct,12.5,164.1,55.4,2.93,0.989
Insecta, Diptera; Tipulidae;  Trentepohlia dominicana,larva,LEF El Verde [2004],f,1,14,14,13,,13,
Insecta, Diptera; Tipulidae;  Trentepohlia dominicana,larva,LEF El Verde [],f,4,15,15,55,8,13.8,2
Insecta, Diptera; Tipulidae;  Trentepohlia dominicana,larva,LEF El Verde [],f,5,15,15,66,8,13.2,1.6
Insecta, Diptera; Tipulidae;  Trentepohlia dominicana,larva,LEF El Verde [2004],f,5,15,15,47,,9.4,
Insecta, Diptera; Tipulidae;  Trentepohlia dominicana,larva,LEF El Verde [2004],f,3,15,15,31,,10.3,
Insecta, Diptera; Tipulidae;  Trentepohlia dominicana,larva,LEF El Verde [2004],f,2,15,15,22,,11,
Insecta, Diptera; Tipulidae;  Trentepohlia dominicana,larva,LEF El Verde [2004],f,6,15,15,79,,13.2,
Insecta, Diptera; Tipulidae;  Trentepohlia dominicana,larva,LEF El Verde [2004],f,1,16,16,17,,17,
Insecta, Diptera; Tipulidae;  Trentepohlia dominicana,larva,LEF El Verde [2004],f,3,17,17,48,,16,
Insecta, Diptera; Tipulidae;  Trentepohlia dominicana,larva,LEF El Verde [],f,1,18,18,16,3,16,3
Insecta, Diptera; Tipulidae;  Trentepohlia dominicana,larva,LEF El Verde [2004],f,2,19,19,38,,19,
Insecta, Diptera; Tipulidae;  Trentepohlia dominicana,larva,LEF El Verde [],f,4,20,20,85,17,21.3,4.25
Insecta, Diptera; Tipulidae;  Trentepohlia sp.,larva,LEF El Verde [1996],a,68,5-Mar,4,8.8,7.5,0.129,0.11
Insecta, Diptera; fly;  unident.; ,adult,LEF El Verde [1999],f,53,2,2,,11,,0.208
Insecta, Diptera; fly;  unident.; ,adult,LEF El Verde [2001],f,2,2.75,2.75,5,2,2.5,1
Insecta, Diptera; fly;  unident.; ,adult,LEF El Verde [2001],f,2,4,4,12,3,6,1.5
Insecta, Diptera; fly;  unident.; ,adult,LEF El Verde [2001],f,7,4,4,26,8,3.71,1.14
Insecta, Diptera; fly;  unident.; ,adult,LEF El Verde [2001],f,1,4,4,4,1.1,4,1.1
Insecta, Diptera; fly;  unident.; ,adult,LEF El Verde [2001],f,4,4.5,4.5,19,4,4.75,1
Insecta, Diptera; fly;  unident.; ,adult,LEF El Verde [2001],f,1,5,5,7,2,7,2
Insecta, Diptera; fly;  unident.; ,adult,LEF El Verde [2001],f,1,5.5,5.5,10,2.9,10,2.9
Insecta, Diptera; fly;  unident.; ,adult,LEF El Verde [2001],f,1,8.5,8.5,21,5,21,5
Insecta, Diptera; fly;  unident.; ,adult,LEF El Verde [2001],f,1,9,9,24,7,24,7
Insecta, Diptera; fly;  unident.; ,adult,LEF El Verde [2001],f,1,10,10,33,10,33,10
Insecta, Lepidoptera; moth;  unident.; ,adult,LEF El Verde [2001],f,16,2,2,,2,,0.125
Insecta, Lepidoptera; moth;  unident.; ,adult,LEF El Verde [2001],f,4,3,3,,0.8,,0.2
Insecta, Lepidoptera; moth;  unident.; ,adult,LEF El Verde [2001],f,1,3.5,3.5,2,0.65,2,0.65
Insecta, Lepidoptera; moth;  unident.; ,adult,LEF El Verde [2001],f,3,4,4,,3,,1
Insecta, Lepidoptera; moth;  unident.; ,adult,LEF El Verde [2001],f,5,4,4,10,4,2,0.8
Insecta, Lepidoptera; moth;  unident.; ,adult,LEF El Verde [2001],f,4,4,4,11,3,2.75,0.75
Insecta, Lepidoptera; moth;  unident.; ,adult,LEF El Verde [2001],f,4,5,5,22,10,5.5,2.5
Insecta, Lepidoptera; moth;  unident.; ,adult,LEF El Verde [2001],f,3,5,5,16,5,5.33,1.67
Insecta, Lepidoptera; moth;  unident.; ,adult,LEF El Verde [2001],f,2,5,5,10,3,5,1.5
Insecta, Lepidoptera; moth;  unident.; ,adult,LEF El Verde [2001],f,2,5,5,,3,,1.5
Insecta, Lepidoptera; moth;  unident.; ,adult,LEF El Verde [2001],f,14,5,5,53,18,3.79,1.29
Insecta, Lepidoptera; moth;  unident.; ,adult,LEF El Verde [2001],f,1,5,5,3,1,3,1
Insecta, Lepidoptera; moth;  unident.; ,adult,LEF El Verde [2001],f,1,5,5,3,1,3,1
Insecta, Lepidoptera; moth;  unident.; ,adult,LEF El Verde [2001],f,3,5.5,5.5,17,4,5.67,1.33
Insecta, Lepidoptera; moth;  unident.; ,adult,LEF El Verde [2001],f,2,6,6,12,5,6,2.5
Insecta, Lepidoptera; moth;  unident.; ,adult,LEF El Verde [2001],f,3,6,6,15,6,5,2
Insecta, Lepidoptera; moth;  unident.; ,adult,LEF El Verde [2001],f,6,6,6,36,12,6,2
Insecta, Lepidoptera; moth;  unident.; ,adult,LEF El Verde [2001],f,9,6,6,46,15,5.11,1.67
Insecta, Lepidoptera; moth;  unident.; ,adult,LEF El Verde [2001],f,3,6,6,16,5,5.33,1.67
Insecta, Lepidoptera; moth;  unident.; ,adult,LEF El Verde [2001],f,1,6,6,4,1.35,4,1.35
Insecta, Lepidoptera; moth;  unident.; ,adult,LEF El Verde [2001],f,1,7,7,11,4,11,4
Insecta, Lepidoptera; moth;  unident.; ,adult,LEF El Verde [2001],f,2,7,7,18,6,9,3
Insecta, Lepidoptera; moth;  unident.; ,adult,LEF El Verde [2001],f,1,7,7,12,3,12,3
Insecta, Lepidoptera; moth;  unident.; ,adult,LEF El Verde [2001],f,1,7,7,5,2,5,2
Insecta, Lepidoptera; moth;  unident.; ,adult,LEF El Verde [2001],f,1,7,7,6,2,6,2
Insecta, Lepidoptera; moth;  unident.; ,adult,LEF El Verde [2001],f,2,8,8,22,6,11,3
Insecta, Lepidoptera; moth;  unident.; ,adult,LEF El Verde [2001],f,1,10,10,22,9,22,9
Insecta, Lepidoptera; moth;  unident.; ,adult,LEF El Verde [2001],f,1,10,10,29,8,29,8
Insecta, Lepidoptera; moth;  unident.; ,adult,LEF El Verde [2001],f,1,10,10,25,7,25,7
Insecta, Lepidoptera; moth;  unident.; ,adult,LEF El Verde [2001],f,1,11,11,43,12,43,12
Insecta, Lepidoptera; moth;  unident.; ,adult,LEF El Verde [2001],f,1,12,12,25,8,25,8
Insecta, Lepidoptera; moth;  unident.; ,adult,LEF El Verde [2001],f,1,13,13,29,10,29,10
Insecta, Lepidoptera; moth;  unident.; ,adult,LEF El Verde [2001],f,1,15,15,55,22,55,22
Insecta, Lepidoptera; moth;  unident.; ,adult,LEF El Verde [2001],f,1,16,16,26,7,26,7
Insecta, Lepidoptera; moth;  unident.; ,adult,LEF El Verde [2001],f,1,17,17,99,37,99,37
Insecta, Lepidoptera; moth;  unident.; ,adult,LEF El Verde [2001],f,1,17,17,83,26,83,26
Insecta, Lepidoptera; moth;  unident.; ,adult,LEF El Verde [2001],f,1,17,17,26,7,26,7
Insecta, Lepidoptera; moth;  unident.; ,adult,LEF El Verde [2001],f,1,18,18,89,27,89,27
Arachnida, Pseudoscorpiones; Macrochernes attenuatus; ,adult,LEF El Verde [1996],a,10,2-Jan,1.5,3.7,0.6,0.37,0.06
Arachnida, Pseudoscorpiones; Macrochernes attenuatus; ,adult,LEF El Verde [1996],f,3,2-Jan,1.5,2,0.1,0.667,0.033
Arachnida, Pseudoscorpiones; Macrochernes attenuatus; ,adult,LEF El Verde [1996],a,16,3,3,20,6.1,1.25,0.381
Arachnida, Pseudoscorpiones; Macrochernes attenuatus; ,adult,LEF El Verde [1996],f,17,3.5-4.5,4,63,20,3.71,1.18
Arachnida, Pseudoscorpiones; Macrochernes attenuatus; ,adult,LEF El Verde [1996],a,27,4,4,77.49,21.1,2.87,0.781
Arachnida, Scorpiones; Tityus obtusus; ,adult,LEF El Verde [2001],f,1,32,32,238,76,238,76
Arachnida, Scorpiones; Tityus obtusus; ,adult,LEF El Verde [1996],f,1,50,50,609,247,609,247
Insecta, Coleoptera; Xyleborus sp.; ,adult,LEF El Verde [1999],f,78,2.4,2.4,86,36,1.1,0.462
Insecta, Coleoptera; Xyleborus sp.; ,adult,LEF El Verde [1999],f,69,2.4,2.4,,31,,0.449
Insecta, Coleoptera; Xyleborus sp.; ,adult,LEF El Verde [1999],f,78,2.4,2.4,85,34,1.09,0.436
Insecta, Coleoptera; Xyleborus sp.; ,adult,LEF El Verde [1999],f,185,2.4,2.4,,75,,0.405
Insecta, Coleoptera; Diastotes sp.; ,adult,LEF El Verde [1996],a,60,3-Feb,2.5,12,3.6,0.2,0.06
Insecta, Coleoptera; Curculionidae; ,adult,LEF El Verde [],f,1,2.5,2.5,2,,2,
Insecta, Coleoptera; Omicrus ingens; ,adult,LEF El Verde [1996],a,10,2.6,2.6,34,5.1,3.4,0.51
Insecta, Coleoptera; Omicrus ingens; ,adult,LEF El Verde [1996],f,20,2.6,2.6,59,10,2.95,0.5
Insecta, Coleoptera; Omicrus ingens; ,adult,LEF El Verde [],f,1,2.6,2.6,3,0.5,3,0.5
Insecta, Coleoptera; Omicrus ingens; ,adult,LEF El Verde [2004],f,4,2.6,2.6,6,,1.5,
Insecta, Coleoptera; Omicrus ingens; ,adult,LEF El Verde [2004],f,2,2.6,2.6,3,,1.5,
Insecta, Coleoptera; Omicrus ingens; ,adult,LEF El Verde [2004],f,5,2.6,2.6,9,,1.8,
Insecta, Coleoptera; Omicrus ingens; ,adult,LEF El Verde [2004],f,6,2.6,2.6,11,,1.83,
Insecta, Coleoptera; Omicrus ingens; ,adult,LEF El Verde [2004],f,2,2.6,2.6,4,,2,
Insecta, Coleoptera; Omicrus ingens; ,adult,LEF El Verde [],f,1,2.6,2.6,2,,2,
Insecta, Coleoptera; Omicrus ingens; ,adult,LEF El Verde [2004],f,18,2.6,2.6,37,,2.06,
Insecta, Coleoptera; Omicrus ingens; ,adult,LEF El Verde [2004],f,13,2.6,2.6,27,,2.08,
Insecta, Coleoptera; Omicrus ingens; ,adult,LEF El Verde [2004],a,21,2.6,2.6,44,,2.1,
Insecta, Coleoptera; Omicrus ingens; ,adult,LEF El Verde [2004],f,6,2.6,2.6,13,,2.17,
Insecta, Coleoptera; Omicrus ingens; ,adult,LEF El Verde [],f,6,2.6,2.6,14,,2.33,
Insecta, Coleoptera; Curculionidae; ,adult,LEF El Verde [],f,1,3,3,1,,1,
Insecta, Coleoptera; Curculionidae; ,adult,LEF El Verde [],f,1,3,3,2,,2,
Insecta, Coleoptera; Curculionidae; ,adult,LEF El Verde [],f,1,3,3,2,,2,
Insecta, Coleoptera; Curculionidae; ,adult,LEF El Verde [],f,1,3,3,6,,6,
Insecta, Coleoptera; Curculionidae; ,adult,LEF El Verde [],f,2,4,4,10,,5,
Insecta, Coleoptera; Curculionidae; ,adult,LEF El Verde [],f,1,4,4,6,,6,
Insecta, Coleoptera; Platypodius sp.; ,adult,LEF El Verde [1999],f,22,4.25,4.25,,34,,1.55
Insecta, Coleoptera; Platypodius sp.; ,adult,LEF El Verde [1999],f,5,4.25,4.25,18,6,3.6,1.2
Insecta, Coleoptera; Staphylinidae [black]; ,adult,LEF El Verde [2001],f,5,5,5,,7,,1.4
Insecta, Coleoptera; Curculionidae; ,adult,LEF El Verde [],f,1,5,5,8,,8,
Insecta, Coleoptera; Curculionidae; ,adult,LEF El Verde [],f,1,8,8,62,,62,
Insecta, Coleoptera; unident.; ,adult,LEF El Verde [],f,1,8.5,8.5,20,4.5,20,4.5
Insecta, Coleoptera; Callopisma borencona; ,adult,LEF El Verde [],h,1,12,12,,12,,12
Insecta, Coleoptera; Callopisma borencona; ,adult,LEF El Verde [],h,1,12,12,,11,,11
Insecta, Coleoptera; Callopisma borencona; ,adult,LEF El Verde [],f,1,13,13,51,18,51,18
Insecta, Coleoptera; Cerambycidae; ,adult,LEF El Verde [],f,1,15,15,64,30,64,30
Insecta, Coleoptera; Elateridae; ,adult,LEF El Verde [],f,1,16,16,139,70,139,70
Insecta, Coleoptera; Platycrepidius sp.; ,adult,LEF El Verde [2004],f,1,19,19,225,,225,
Insecta, Coleoptera; Phyllophagus portoricensis; ,adult,LEF El Verde [],h,1,21,21,,118,,118
Insecta, Coleoptera; Phyllophagus portoricensis; ,adult,LEF El Verde [],f,1,22,22,830,207,830,207
Insecta, Coleoptera; Phyllophagus portoricensis; ,adult,LEF El Verde [],f,1,22,22,863,197,863,197
Insecta, Coleoptera; Phyllophagus portoricensis; ,adult,LEF El Verde [],h,1,23,23,,304,,304
Insecta, Coleoptera; Chlorida festiva; ,adult,LEF El Verde [1999],f,1,23,23,,176,,176
Insecta, Coleoptera; Phyllophagus portoricensis; ,adult,LEF El Verde [1996],a,1,23,23,1290,146.7,1290,147
Insecta, Coleoptera; Phyllophagus portoricensis; ,adult,LEF El Verde [],h,1,24,24,,382,,382
Insecta, Coleoptera; Phyllophagus portoricensis; ,adult,LEF El Verde [],f,1,24,24,1056,329,1056,329
Insecta, Coleoptera; Phyllophagus portoricensis; ,adult,LEF El Verde [1996],a,1,24,24,1074,135.4,1074,135
Insecta, Coleoptera; Phyllophagus portoricensis; ,adult,LEF El Verde [2004],f,1,24,24,940,,940,
Insecta, Coleoptera; Phyllophagus portoricensis; ,adult,LEF El Verde [1996],f,1,25,25,1197,350,1197,350
Insecta, Coleoptera; Phyllophagus portoricensis; ,adult,LEF El Verde [],f,1,25,25,1055,272,1055,272
Insecta, Coleoptera; Chlorida festiva; ,adult,LEF El Verde [1999],f,1,26,26,492,210,492,210
Insecta, Coleoptera; Callipogon proletarius; ,adult,LEF El Verde [],h,1,55,55,,1793,,1793
Insecta, Coleoptera; Callipogon proletarius; ,adult,LEF El Verde [],h,1,65,65,,1832,,1832
Insecta, Coleoptera; Callipogon proletarius; ,adult,LEF El Verde [],f,1,75,75,4225,,4225,
Insecta, Diptera; Psychodidae; ,adult,LEF El Verde [2001],f,75,1,1,,3,,0.04
Insecta, Diptera; Muscidae; ,adult,LEF El Verde [2001],f,19,1.5,1.5,7,2,0.368,0.105
Insecta, Diptera; Muscidae; ,adult,LEF El Verde [2001],f,58,1.5,1.5,,6,,0.103
Insecta, Diptera; Muscidae; ,adult,LEF El Verde [2001],f,25,1.8,1.8,8,3,0.32,0.12
Insecta, Diptera; black flies; ,adult,LEF El Verde [2001],f,52,1.9,1.9,19,7,0.365,0.135
Insecta, Diptera; Muscidae; ,adult,LEF El Verde [2001],f,35,2,2,,8,,0.229
Insecta, Diptera; Diptera; ,adult,LEF El Verde [1999],f,53,2,2,,11,,0.208
Insecta, Diptera; red-eyed flies; ,adult,LEF El Verde [2001],f,50,2,2,25,9,0.5,0.18
Insecta, Diptera; Muscidae; ,adult,LEF El Verde [2001],f,24,2,2,11,4,0.458,0.167
Insecta, Diptera; red eyes; ,adult,LEF El Verde [2001],f,78,2,2,,12,,0.154
Insecta, Diptera; red-eyed flies; ,adult,LEF El Verde [2001],f,57,2,2,26,8,0.456,0.14
Insecta, Diptera; red-eyed flies; ,adult,LEF El Verde [2001],f,50,2,2,18,7,0.36,0.14
Insecta, Diptera; red-eyed flies; ,adult,LEF El Verde [2001],f,23,2,2,10,3,0.435,0.13
Insecta, Diptera; various unident.; ,adult,LEF El Verde [2001],f,39,2,2,,5,,0.128
Insecta, Diptera; black flies; ,adult,LEF El Verde [2001],f,37,2.2,2.2,31,12,0.838,0.324
Insecta, Diptera; Muscidae; ,adult,LEF El Verde [2001],f,25,2.2,2.2,17,5,0.68,0.2
Insecta, Diptera; Muscidae; ,adult,LEF El Verde [2001],f,12,2.5,2.5,,4,,0.333
Insecta, Diptera; Muscidae; ,adult,LEF El Verde [2001],f,11,2.5,2.5,9,3,0.818,0.273
Insecta, Diptera; black flies; ,adult,LEF El Verde [2001],f,17,2.5,2.5,10,3,0.588,0.176
Insecta, Diptera; black flies; ,adult,LEF El Verde [2001],f,24,2.5,2.5,12,4,0.5,0.167
Insecta, Diptera; Muscidae; ,adult,LEF El Verde [2001],f,6,3,3,,4,,0.667
Insecta, Diptera; Muscidae; ,adult,LEF El Verde [2001],f,8,3,3,,5,,0.625
Insecta, Diptera; Muscidae; ,adult,LEF El Verde [2001],f,5,3.5,3.5,,5,,1
Insecta, Diptera; Muscidae; ,adult,LEF El Verde [2001],f,1,4,4,5,1.5,5,1.5
Insecta, Diptera; Muscidae; ,adult,LEF El Verde [2001],f,5,4,4,,7,,1.4
Insecta, Diptera; Muscidae; ,adult,LEF El Verde [2001],f,5,4,4,,6,,1.2
Insecta, Diptera; Muscidae; ,adult,LEF El Verde [2001],f,4,4.5,4.5,21,7,5.25,1.75
Insecta, Diptera; Muscidae; ,adult,LEF El Verde [2001],f,6,5,5,,10,,1.67
Insecta, Diptera; Muscidae; ,adult,LEF El Verde [2001],f,1,6,6,14,4,14,4
Insecta, Diptera; Muscidae; ,adult,LEF El Verde [2001],f,1,6,6,,4,,4
Insecta, Diptera; Muscidae; ,adult,LEF El Verde [2001],f,2,6,6,25,6,12.5,3
Insecta, Diptera; Muscidae; ,adult,LEF El Verde [2001],f,3,6,6,16,5,5.33,1.67
Insecta, Diptera; Muscidae; ,adult,LEF El Verde [2001],f,1,7,7,,7,,7
Insecta, Diptera; Muscidae; ,adult,LEF El Verde [2001],f,1,7.5,7.5,25,8,25,8
Insecta, Diptera; Muscidae; ,adult,LEF El Verde [2001],f,1,8,8,19,6,19,6
Insecta, Diptera; Muscidae; ,adult,LEF El Verde [2001],f,1,8,8,17,4,17,4
Insecta, Formicidae; Solenopsis corticalis; ,adult,LEF El Verde [2006],a,236,1.2,1.2,,4,,0.017
Insecta, Formicidae; Solenopsis corticalis; ,adult,LEF El Verde [2006],a,50,1.2,1.2,,0.72,,0.014
Insecta, Formicidae; Wasmannia auropunctata; ,adult,LEF El Verde [2006],a,150,1.4,1.4,,4.25,,0.028
Insecta, Formicidae; Wasmannia auropunctata; ,adult,LEF El Verde [2006],a,302,1.4,1.4,,7,,0.023
Insecta, Formicidae; Pheiodole fallax; ,adult,LEF El Verde [2006],a,110,1.5,1.5,,5,,0.045
Insecta, Formicidae; Strumigenys rogeri; ,adult,LEF El Verde [2006],a,79,1.6,1.6,,3,,0.038
Insecta, Formicidae; unidentified ants; ,adult,San Juan;  Jardin Botanico [2006],f,20,2.4,2.4,,2,,0.1
Insecta, Formicidae; unidentified ants; ,adult,San Juan;  Jardin Botanico [2006],f,143,3,3,,35,,0.245
Insecta, Formicidae; unidentified ants; ,adult,San Juan;  Jardin Botanico [2006],f,26,4,4,,12,,0.462
Insecta, Formicidae; unidentified ants; ,adult,San Juan;  Jardin Botanico [2006],f,2,5,5,,2,,1
Insecta, Hemiptera; Miridae; ,adult,LEF El Verde [1996],a,20,2.25,2.25,21,4.6,1.05,0.23
Insecta, Hemiptera; Lygidae; ,adult,LEF El Verde [2001],f,6,4,4,16,5,2.67,0.833
Insecta, Hemiptera; Lygidae; ,adult,LEF El Verde [2001],f,19,4.5,4.5,52,18,2.74,0.947
Insecta, Hemiptera; Lygidae; ,adult,LEF El Verde [2001],f,9,4.5,4.5,,6,,0.667
Insecta, Homoptera; Hoppers; ,adult,LEF El Verde [2001],f,30,2,2,,8,,0.267
Insecta, Homoptera; Hoppers; ,adult,LEF El Verde [2001],f,27,2,2,9,3,0.333,0.111
Insecta, Homoptera; Hoppers; ,adult,LEF El Verde [2001],f,35,2,2,,3,,0.086
Insecta, Homoptera; Hoppers; ,adult,LEF El Verde [2001],f,59,2,2,17,5,0.288,0.085
Insecta, Homoptera; Hoppers; ,adult,LEF El Verde [2001],f,7,3,3,13,5,1.86,0.714
Insecta, Homoptera; Hoppers; ,adult,LEF El Verde [2001],f,12,3,3,,8,,0.667
Insecta, Homoptera; Hoppers; ,adult,LEF El Verde [2001],f,17,3,3,,11,,0.647
Insecta, Homoptera; Hoppers; ,adult,LEF El Verde [2001],f,16,3.5,3.5,43,14,2.69,0.875
Insecta, Homoptera; Hoppers; ,adult,LEF El Verde [2001],f,29,3.5,3.5,,23,,0.793
Insecta, Homoptera; Hoppers; ,adult,LEF El Verde [2001],f,3,4.5,4.5,,4,,1.33
Insecta, Homoptera; Hoppers; ,adult,LEF El Verde [2001],f,2,5,5,18,6,9,3
Insecta, Homoptera; Hoppers; ,adult,LEF El Verde [2001],f,3,5,5,,7,,2.33
Insecta, Homoptera; Hopper [flat green]; ,adult,LEF El Verde [2001],f,3,6,6,,4,,1.33
Insecta, Orthoptera; Neoblatella vomeri; ,adult,LEF El Verde [],f,1,12,12,69,14,69,14
Insecta, Orthoptera; Neoblatella vomeri; ,adult,LEF El Verde [1996],f,1,12,12,74,13,74,13
Insecta, Orthoptera; Neoblatella vomeri; ,adult,LEF El Verde [],f,1,12,12,74,13,74,13
Insecta, Orthoptera; Neoblatella vomeri; ,adult,LEF El Verde [2004],f,1,12,12,66,,66,
Insecta, Orthoptera; Pelmatosilpha coriacea; ,adult,LEF El Verde [1996],f,1,18,18,315,84,315,84
Insecta, Orthoptera; Cockroach; ,adult,LEF El Verde [],f,1,20,20,411,71,411,71
Insecta, Orthoptera; Epilampra wheeleri; ,adult,LEF El Verde [],h,1,21,21,,72,,72
Insecta, Orthoptera; Epilampra wheeleri; ,adult,LEF El Verde [],h,1,22,22,,115,,115
Insecta, Orthoptera; Epilampra wheeleri; ,adult,LEF El Verde [],h,1,22,22,,96,,96
Insecta, Orthoptera; Epilampra wheeleri; ,adult,LEF El Verde [],f,1,23,23,343,93,343,93
Insecta, Orthoptera; Epilampra wheeleri; ,adult,LEF El Verde [],f,1,23,23,370,,370,
Insecta, Orthoptera; Epilampra wheeleri; ,adult,LEF El Verde [],f,1,23,23,375,,375,
Insecta, Orthoptera; Cockroach; ,adult,LEF El Verde [1996],a,3,21-27,24,1991,447,664,149
Insecta, Orthoptera; Pelmatosilpha coriacea; ,adult,LEF El Verde [],f,1,26,26,835,237,835,237
Insecta, Orthoptera; Pelmatosilpha coriacea; ,adult,LEF El Verde [],f,1,27,27,860,265,860,265
Insecta, Orthoptera; Pelmatosilpha coriacea; ,adult,LEF El Verde [],h,1,32,32,,497,,497
Mollusca, Gastropoda; Slug [sub-order Sigmurethra]; ,adult,Edinburgh UK [2002],f,1,5,5,,3.2,,3.2
Mollusca, Gastropoda; Slug [sub-order Sigmurethra]; ,adult,Edinburgh UK [2002],f,1,5,5,,2.4,,2.4
Mollusca, Gastropoda; Slug [sub-order Sigmurethra]; ,adult,Edinburgh UK [2002],f,1,5,5,,2.4,,2.4
Mollusca, Gastropoda; Slug [sub-order Sigmurethra]; ,adult,Edinburgh UK [2002],f,1,6,6,,4.6,,4.6
Mollusca, Gastropoda; Slug [sub-order Sigmurethra]; ,adult,Edinburgh UK [2002],f,1,6,6,,3.2,,3.2
Mollusca, Gastropoda; Slug [sub-order Sigmurethra]; ,adult,Edinburgh UK [2002],f,1,6,6,,2.6,,2.6
Mollusca, Gastropoda; Slug [sub-order Sigmurethra]; ,adult,Edinburgh UK [2002],f,1,7,7,,6.2,,6.2
Mollusca, Gastropoda; Slug [sub-order Sigmurethra]; ,adult,Edinburgh UK [2002],f,1,7,7,,4.7,,4.7
Mollusca, Gastropoda; Slug [sub-order Sigmurethra]; ,adult,Edinburgh UK [2002],f,1,8,8,,11.2,,11.2
Mollusca, Gastropoda; Slug [sub-order Sigmurethra]; ,adult,Edinburgh UK [2002],f,1,8,8,,10.4,,10.4
Mollusca, Gastropoda; Slug [sub-order Sigmurethra]; ,adult,Edinburgh UK [2002],f,1,8,8,,9.4,,9.4
Mollusca, Gastropoda; Slug [sub-order Sigmurethra]; ,adult,Edinburgh UK [2002],f,1,8,8,,8.8,,8.8
Mollusca, Gastropoda; Slug [sub-order Sigmurethra]; ,adult,Edinburgh UK [2002],f,1,8,8,,8.3,,8.3
Mollusca, Gastropoda; Slug [sub-order Sigmurethra]; ,adult,Edinburgh UK [2002],f,1,9,9,,16.6,,16.6
Mollusca, Gastropoda; Slug [sub-order Sigmurethra]; ,adult,Edinburgh UK [2002],f,1,9,9,,12.8,,12.8
Mollusca, Gastropoda; Slug [sub-order Sigmurethra]; ,adult,Edinburgh UK [2002],f,1,9,9,,11,,11
Mollusca, Gastropoda; Slug [sub-order Sigmurethra]; ,adult,Edinburgh UK [2002],f,1,9,9,,10.2,,10.2
Mollusca, Gastropoda; Slug [sub-order Sigmurethra]; ,adult,Edinburgh UK [2002],f,1,9,9,,9.6,,9.6
Mollusca, Gastropoda; Slug [sub-order Sigmurethra]; ,adult,Edinburgh UK [2002],f,1,10,10,,12.3,,12.3
Mollusca, Gastropoda; Slug [sub-order Sigmurethra]; ,adult,Edinburgh UK [2002],f,1,10,10,,10,,10
Mollusca, Gastropoda; Slug [sub-order Sigmurethra]; ,adult,Edinburgh UK [2002],f,1,11,11,,32.4,,32.4
Mollusca, Gastropoda; Slug [sub-order Sigmurethra]; ,adult,Edinburgh UK [2002],f,1,11,11,,30.4,,30.4
Mollusca, Gastropoda; Slug [sub-order Sigmurethra]; ,adult,Edinburgh UK [2002],f,1,11,11,,23.6,,23.6
Mollusca, Gastropoda; Slug [sub-order Sigmurethra]; ,adult,Edinburgh UK [2002],f,1,11,11,,20.2,,20.2
Mollusca, Gastropoda; Slug [sub-order Sigmurethra]; ,adult,Edinburgh UK [2002],f,1,11,11,,19.6,,19.6
Mollusca, Gastropoda; Platysuccinea portoricensis (inc. shell); ,adult,LEF El Verde [],f,1,12,12,507,,507,
Mollusca, Gastropoda; Slug [sub-order Sigmurethra]; ,adult,Edinburgh UK [2002],f,1,13,13,,24.7,,24.7
Mollusca, Gastropoda; Slug [sub-order Sigmurethra]; ,adult,Edinburgh UK [2002],f,1,13,13,,19,,19
Mollusca, Gastropoda; Slug [sub-order Sigmurethra]; ,adult,Edinburgh UK [2002],f,1,14,14,,43.6,,43.6
Mollusca, Gastropoda; Slug [sub-order Sigmurethra]; ,adult,Edinburgh UK [2002],f,1,14,14,,33.1,,33.1
Mollusca, Gastropoda; Slug [sub-order Sigmurethra]; ,adult,Edinburgh UK [2002],f,1,14,14,,26.2,,26.2
Mollusca, Gastropoda; Slug [sub-order Sigmurethra]; ,adult,Edinburgh UK [2002],f,1,15,15,,69.7,,69.7
Mollusca, Gastropoda; Slug [sub-order Sigmurethra]; ,adult,Edinburgh UK [2002],f,1,15,15,,43.9,,43.9
Mollusca, Gastropoda; Slug [sub-order Sigmurethra]; ,adult,Edinburgh UK [2002],f,1,18,18,,67.8,,67.8
Mollusca, Gastropoda; Slug [sub-order Sigmurethra]; ,adult,Edinburgh UK [2002],f,1,18,18,,51.4,,51.4
Mollusca, Gastropoda; Slug [sub-order Sigmurethra]; ,adult,Edinburgh UK [2002],f,1,18,18,,47.1,,47.1
Mollusca, Gastropoda; Slug [sub-order Sigmurethra]; ,adult,Edinburgh UK [2002],f,1,20,20,,113,,113
Mollusca, Gastropoda; Slug [sub-order Sigmurethra]; ,adult,Edinburgh UK [2002],f,1,20,20,,75.6,,75.6
Mollusca, Gastropoda; Slug [sub-order Sigmurethra]; ,adult,Edinburgh UK [2002],f,1,20,20,,74,,74
Mollusca, Gastropoda; Slug [sub-order Sigmurethra]; ,adult,Edinburgh UK [2002],f,1,20,20,,55.7,,55.7
Mollusca, Gastropoda; Slug [sub-order Sigmurethra]; ,adult,Edinburgh UK [2002],f,1,25,25,,213.5,,214
Mollusca, Gastropoda; Slug [sub-order Sigmurethra]; ,adult,Edinburgh UK [2002],f,1,25,25,,175.2,,175
Mollusca, Gastropoda; Slug [sub-order Sigmurethra]; ,adult,Edinburgh UK [2002],f,1,28,28,,251.6,,252
Mollusca, Gastropoda; Slug [sub-order Sigmurethra]; ,adult,Edinburgh UK [2002],f,1,32,32,,392.9,,393
Mollusca, Gastropoda; Slug [sub-order Sigmurethra]; ,adult,Edinburgh UK [2002],f,1,36,36,,627.9,,628
Mollusca, Gastropoda; Slug [sub-order Sigmurethra]; ,adult,Edinburgh UK [2002],f,1,39,39,,486.7,,487
Mollusca, Gastropoda; Slug [sub-order Sigmurethra]; ,adult,Edinburgh UK [2002],f,1,40,40,,621.8,,622
Mollusca, Gastropoda; Slug [sub-order Sigmurethra]; ,adult,Edinburgh UK [2002],f,1,40,40,,573,,573
Mollusca, Gastropoda; Slug [sub-order Sigmurethra]; ,adult,Edinburgh UK [2002],f,1,40,40,,497.6,,498
Mollusca, Gastropoda; Slug [sub-order Sigmurethra]; ,adult,Edinburgh UK [2002],f,1,42,42,,518.6,,519
Mollusca, Gastropoda; Slug [sub-order Sigmurethra]; ,adult,Edinburgh UK [2002],f,1,43,43,,756.2,,756
Mollusca, Gastropoda; Slug [sub-order Sigmurethra]; ,adult,Edinburgh UK [2002],f,1,47,47,,915.1,,915
Reptilia, Squamata; Amphisbaena caeca; ,adult,LEF El Verde [],f,1,280,280,16700,,16700,
Annelida, Oligochaeta; Eisenia foetida; ,adult,Edinburgh UK [2002],f,15,12-Aug,10,,26.1,,1.74
Annelida, Oligochaeta; Eisenia foetida; ,adult,Edinburgh UK [2002],f,15,13-17,15,,61.8,,4.12
Annelida, Oligochaeta; Eisenia foetida; ,adult,Edinburgh UK [2002],f,31,18-22,20,,248.3,,8.01
Annelida, Oligochaeta; Eisenia foetida; ,adult,Edinburgh UK [2002],f,20,23-27,25,,279.4,,14
Annelida, Oligochaeta; Eisenia foetida; ,adult,Edinburgh UK [2002],f,25,28-32,30,,531.6,,21.3
Annelida, Oligochaeta; Eisenia foetida; ,adult,Edinburgh UK [2002],f,25,33-37,35,,838.7,,33.5
Annelida, Oligochaeta; Eisenia foetida; ,adult,Edinburgh UK [2002],f,16,38-42,40,,636,,39.8
Annelida, Oligochaeta; Eisenia foetida; ,adult,Edinburgh UK [2002],f,17,38-42,40,,671.8,,39.5
Annelida, Oligochaeta; Eisenia foetida; ,adult,Edinburgh UK [2002],f,12,43-47,45,,591.5,,49.3
Annelida, Oligochaeta; Eisenia foetida; ,adult,Edinburgh UK [2002],f,11,43-47,45,,538.1,,48.9
Annelida, Oligochaeta; Eisenia foetida; ,adult,Edinburgh UK [2002],f,14,48-52,50,,802.5,,57.3
Annelida, Oligochaeta; Eisenia foetida; ,adult,Edinburgh UK [2002],f,1,55,55,,72.1,,72.1
Annelida, Oligochaeta; Eisenia foetida; ,adult,Edinburgh UK [2002],f,1,60,60,,70.9,,70.9
Insecta, Coleoptera; Scirtes sp.; ,larva,LEF El Verde [],f,43,4-Feb,3,4,2,0.093,0.047
Insecta, Coleoptera; Scirtes sp.; ,larva,LEF El Verde [2004],f,20,3,3,10,,0.5,
Insecta, Coleoptera; Scirtes sp.; ,larva,LEF El Verde [1996],a,300,7-Mar,5,,27,,0.09
Insecta, Coleoptera; Scirtes sp.; ,larva,LEF El Verde [2004],f,4,5,5,3,,0.75,
Insecta, Coleoptera; Scirtes sp.; ,larva,LEF El Verde [2004],f,29,5,5,31,,1.07,
Insecta, Coleoptera; Scirtes sp.; ,larva,LEF El Verde [1996],f,2,5,5,3,,1.5,
Insecta, Coleoptera; Scirtes sp.; ,larva,LEF El Verde [],f,32,6-May,5.5,26,9,0.813,0.281
Insecta, Coleoptera; Scirtes sp.; ,larva,LEF El Verde [],f,15,7-May,6,22,7.5,1.47,0.5
Insecta, Coleoptera; Scirtes sp.; ,larva,LEF El Verde [2004],f,6,6,6,8,,1.33,
Insecta, Coleoptera; Platycrepidius sp.; ,larva,LEF El Verde [1996],a,24,9-Apr,6.5,35,10,1.46,0.417
Insecta, Coleoptera; Platycrepidius sp.; ,larva,LEF El Verde [2004],f,1,8,8,1,,1,
Insecta, Coleoptera; Platycrepidius sp.; ,larva,LEF El Verde [2004],f,1,8,8,2,,2,
Insecta, Coleoptera; Platycrepidius sp.; ,larva,LEF El Verde [2004],f,3,8,8,6,,2,
Insecta, Coleoptera; Platycrepidius sp.; ,larva,LEF El Verde [2004],f,1,10,10,2,,2,
Insecta, Coleoptera; Platycrepidius sp.; ,larva,LEF El Verde [2004],f,1,11,11,3,,3,
Insecta, Coleoptera; Platycrepidius sp.; ,larva,LEF El Verde [2004],f,1,11,11,3,,3,
Insecta, Coleoptera; Platycrepidius sp.; ,larva,LEF El Verde [2004],f,2,11,11,11,,5.5,
Insecta, Coleoptera; Platycrepidius sp.; ,larva,LEF El Verde [1996],a,7,13-Nov,12,38,12,5.43,1.71
Insecta, Coleoptera; Platycrepidius sp.; ,larva,LEF El Verde [2004],f,1,13,13,6,,6,
Insecta, Coleoptera; Platycrepidius sp.; ,larva,LEF El Verde [2004],f,1,13,13,8,,8,
Insecta, Coleoptera; Platycrepidius sp. 2; ,larva,LEF El Verde [2004],f,1,13,13,13,,13,
Insecta, Coleoptera; Platycrepidius sp.; ,larva,LEF El Verde [1996],f,1,14,14,4,1,4,1
Insecta, Coleoptera; Platycrepidius sp.; ,larva,LEF El Verde [2004],f,1,14,14,13,,13,
Insecta, Coleoptera; Platycrepidius sp.; ,larva,LEF El Verde [],f,1,15,15,13,5,13,5
Insecta, Coleoptera; Platycrepidius sp.; ,larva,LEF El Verde [2004],f,1,15,15,23,,23,
Insecta, Coleoptera; Platycrepidius sp.; ,larva,LEF El Verde [],f,1,16,16,11,,11,
Insecta, Coleoptera; Platycrepidius sp.; ,larva,LEF El Verde [1996],a,8,15-19,17,173,58,21.6,7.25
Insecta, Coleoptera; Platycrepidius sp.; ,larva,LEF El Verde [],f,1,17,17,21,,21,
Insecta, Coleoptera; Platycrepidius sp.; ,larva,LEF El Verde [],f,1,18,18,13,,13,
Insecta, Coleoptera; Platycrepidius sp.; ,larva,LEF El Verde [2004],f,1,18,18,18,,18,
Insecta, Coleoptera; Platycrepidius sp.; ,larva,LEF El Verde [1996],f,1,19,19,15,4,15,4
Insecta, Coleoptera; Platycrepidius sp.; ,larva,LEF El Verde [],f,1,19,19,28,,28,
Insecta, Coleoptera; Platycrepidius sp.; ,larva,LEF El Verde [2004],f,1,20,20,35,,35,
Insecta, Coleoptera; Platycrepidius sp.; ,larva,LEF El Verde [],f,1,21,21,47,11,47,11
Insecta, Coleoptera; Platycrepidius sp.; ,larva,LEF El Verde [1996],a,9,20-24,22,473,149,52.6,16.6
Insecta, Coleoptera; Platycrepidius sp.; ,larva,LEF El Verde [],f,1,22,22,21,,21,
Insecta, Coleoptera; Platycrepidius sp.; ,larva,LEF El Verde [],f,1,24,24,79,,79,
Insecta, Coleoptera; Platycrepidius sp.; ,larva,LEF El Verde [2004],f,1,24,24,80,,80,
Insecta, Coleoptera; Platycrepidius sp.; ,larva,LEF El Verde [],f,1,25,25,61,24,61,24
Insecta, Coleoptera; Platycrepidius sp.; ,larva,LEF El Verde [],f,1,25,25,61,24,61,24
Insecta, Coleoptera; Platycrepidius sp.; ,larva,LEF El Verde [],f,1,25,25,50,17,50,17
Insecta, Coleoptera; Platycrepidius sp.; ,larva,LEF El Verde [2004],f,1,26,26,60,,60,
Insecta, Coleoptera; Platycrepidius sp.; ,larva,LEF El Verde [1996],a,5,25-29,27,583,271,117,54.2
Insecta, Coleoptera; Platycrepidius sp.; ,larva,LEF El Verde [],f,1,27,27,119,53,119,53
Insecta, Coleoptera; Platycrepidius sp.; ,larva,LEF El Verde [],f,1,27,27,119,53,119,53
Insecta, Coleoptera; Platycrepidius sp.; ,larva,LEF El Verde [1996],f,1,28,28,76,22,76,22
Insecta, Coleoptera; Platycrepidius sp.; ,larva,LEF El Verde [2004],f,1,28,28,108,,108,
Insecta, Coleoptera; Platycrepidius sp.; ,larva,LEF El Verde [2004],f,1,29,29,97,,97,
Insecta, Coleoptera; Platycrepidius sp.; ,larva,LEF El Verde [],f,1,30,30,103,,103,
Insecta, Coleoptera; Platycrepidius sp.; ,larva,LEF El Verde [2004],f,1,30,30,136,,136,
Insecta, Coleoptera; Platycrepidius sp.; ,larva,LEF El Verde [],f,1,30,30,176,,176,
Insecta, Coleoptera; Platycrepidius sp.; ,larva,LEF El Verde [2004],f,1,31,31,94,,94,
Insecta, Coleoptera; Platycrepidius sp.; ,larva,LEF El Verde [2004],f,1,31,31,113,,113,
Insecta, Coleoptera; Platycrepidius sp.; ,larva,LEF El Verde [2004],f,1,32,32,122,,122,
Insecta, Coleoptera; Platycrepidius sp.; ,larva,LEF El Verde [],f,1,32,32,125,,125,
Insecta, Coleoptera; Platycrepidius sp.; ,larva,LEF El Verde [2004],f,1,32,32,127,,127,
Insecta, Coleoptera; Platycrepidius sp.; ,larva,LEF El Verde [2004],f,1,34,34,144,,144,
Insecta, Coleoptera; Platycrepidius sp.; ,larva,LEF El Verde [2004],f,1,35,35,203,,203,
Insecta, Coleoptera; Platycrepidius sp.; ,larva,LEF El Verde [1996],f,1,37,37,196,,196,
Insecta, Diptera; Chironomidae; ,larva,LEF El Verde [2001],f,380,1,1,,13,,0.034
Insecta, Diptera; Wyeomyia sp.; ,larva,LEF El Verde [1996],a,150,4-Jan,2.5,,4.5,,0.03
Insecta, Diptera; Tanytarsus sp.; ,larva,LEF El Verde [1996],a,258,4-Jan,2.5,77.4,5.2,0.3,0.02
Insecta, Diptera; Culex sp.; ,larva,LEF El Verde [2006],f,16,3,3,,8.93,,0.558
Insecta, Diptera; Culex secutor; ,larva,LEF El Verde [2005],f,32,2,2,2,,0.06,
Insecta, Diptera; Culex secutor; ,larva,LEF El Verde [2005],f,33,3,3,16,2,0.48,0.061
Insecta, Diptera; Culex secutor; ,larva,LEF El Verde [2005],f,94,4,4,82,10,0.87,0.106
Insecta, Diptera; Culex secutor; ,larva,LEF El Verde [2005],f,58,5,5,77,7,1.33,0.121
Insecta, Diptera; Culex secutor; ,larva,LEF El Verde [2005],f,58,5,5,74,8,1.28,0.138
Insecta, Diptera; Culex secutor; ,larva,LEF El Verde [2005],f,7,6,6,6,,0.86,
Insecta, Diptera; Culex antillummagnorum; ,larva,LEF El Verde [1996],a,121,5-Feb,3.5,174.2,8.5,1.44,0.07
Insecta, Diptera; Wyeomyia sp.; ,larva,LEF El Verde [],f,10,4-Mar,3.5,2,0.5,0.2,0.05
Insecta, Diptera; Corethrella sp.; ,larva,LEF El Verde [1996],a,73,5-Mar,4,70.8,5.8,0.97,0.079
Insecta, Diptera; Forcipomyia dominicana; ,larva,LEF El Verde [2004],f,17,4,4,4,1,0.235,0.059
Insecta, Diptera; Tanytarsus sp.; ,larva,LEF El Verde [],f,34,5-Mar,4,8,2,0.235,0.059
Insecta, Diptera; Culex antillummagnorum; ,larva,LEF El Verde [2004],f,17,4,4,13,,0.765,
Insecta, Diptera; Wyeomyia sp.+ Culex sp.; ,larva,LEF El Verde [],f,17,5-Apr,4.5,14,2.5,0.824,0.147
Insecta, Diptera; Tanypodinae; ,larva,LEF El Verde [1996],a,51,6-Mar,4.5,29.1,3.1,0.571,0.061
Insecta, Diptera; Forcipomyia dominicana; ,larva,LEF El Verde [2004],f,59,5,5,14,6,0.237,0.102
Insecta, Diptera; Culex antillummagnorum; ,larva,LEF El Verde [2004],f,7,5,5,9,,1.29,
Insecta, Diptera; Psychodidae; ,larva,LEF El Verde [],f,5,5,5,2,,0.4,
Insecta, Diptera; Wyeomyia sp.; ,larva,LEF El Verde [],f,11,6-May,5.5,21,3,1.91,0.273
Insecta, Diptera; Forcipomyia dominicana; ,larva,LEF El Verde [2004],f,27,6,6,8,3,0.296,0.111
Insecta, Diptera; Tanytarsus sp.; ,larva,LEF El Verde [1996],a,154,7-May,6,18.5,6.2,0.12,0.04
Insecta, Diptera; Wyeomyia sp.; ,larva,LEF El Verde [2004],f,1,6,6,1,,1,
Insecta, Diptera; Wyeomyia sp.; ,larva,LEF El Verde [],f,4,6.5,6.5,4,1,1,0.25
Insecta, Diptera; Wyeomyia sp.; ,larva,LEF El Verde [1996],a,322,8-May,6.5,,38.6,,0.12
Insecta, Diptera; Sphaeroceridae; ,larva,LEF El Verde [],f,2,9-Jun,7.5,6,1,3,0.5
Insecta, Diptera; Culex antillummagnorum; ,larva,,f,44,8,8,122,15,2.77,0.341
Insecta, Diptera; Psychodidae; ,larva,Toro Negro [2005],f,36,8,8,163,43,4.53,1.194
Insecta, Diptera; Sphaeroceridae; ,larva,LEF El Verde [1996],a,25,14-Mar,8.5,100.5,11.8,4.02,0.472
Insecta, Diptera; Psychodidae; ,larva,LEF El Verde [],f,5,10,10,27,11,5.4,2.2
Insecta, Diptera; Psychodidae; ,larva,LEF El Verde [2004],f,1,10,10,6,,6,
Insecta, Diptera; Psychodidae; ,larva,LEF El Verde [2004],f,4,10,10,27,,6.75,
Insecta, Diptera; Psychodidae; ,larva,LEF El Verde [2004],f,1,10,10,7,,7,
Insecta, Diptera; Sphaeroceridae; ,larva,LEF El Verde [2004],f,1,10,10,7,,7,
Insecta, Diptera; Tipulidae + Sphaeroceridae; ,larva,LEF El Verde [],f,9,17-May,11,50,3,5.56,0.333
Insecta, Diptera; Sphaeroceridae; ,larva,LEF El Verde [2004],f,1,11,11,8,,8,
Insecta, Diptera; Sphaeroceridae; ,larva,LEF El Verde [2004],f,1,11,11,12,,12,
Insecta, Diptera; Toxorhynchites; ,larva,LEF El Verde [1996],a,4,13-Nov,12,97.4,18.5,24.4,4.63
Insecta, Diptera; Sphaeroceridae; ,larva,LEF El Verde [],f,3,12,12,32,5,10.7,1.67
Insecta, Lepidoptera; Black hairy caterpillar; ,larva,LEF El Verde [],f,5,5,5,2,,0.4,
Insecta, Lepidoptera; Coleophoridae; ,larva,LEF El Verde [1996],a,35,8-Mar,5.5,105.7,11.6,3.02,0.331
Insecta, Lepidoptera; Black hairy caterpillar; ,larva,LEF El Verde [],f,5,10,10,27,11,5.4,2.2
Insecta, Lepidoptera; Black hairy caterpillar; ,larva,Toro Negro [2005],f,1,13,13,22,,22,
Insecta, Lepidoptera; looper; ,larva,LEF El Verde [2004],f,1,10,10,9,,9,
Arachnida, Araneae; Spider; ,adult,LEF El Verde [],f,1,12,12,73,,73,
Arachnida, Opiliones; Opilionid; ,adult,LEF El Verde [],f,1,5,5,42,15,42,15
Arachnida, Opiliones; Opilionid; ,adult,LEF El Verde [],f,1,5,5,15,6,15,6
Chilopoda,Centipede; ; ,adult,LEF El Verde [],f,1,9,9,1.5,0.6,1.5,0.6
Chilopoda,Scolopendromorpha; ; ,adult,LEF El Verde [],f,1,25,25,88,,88,
Chilopoda,Centipede; ; ,adult,LEF El Verde [],f,1,26,26,37,10.5,37,10.5
Chilopoda,Centipede; ; ,adult,LEF El Verde [],f,1,31,31,78,19,78,19
Chilopoda,Centipede; ; ,adult,LEF El Verde [],f,1,34,34,65,16,65,16
Chilopoda,Scolopendromorpha; ; ,adult,LEF El Verde [],f,1,34,34,85,,85,
Chilopoda,Centipede; ; ,adult,LEF El Verde [],f,1,35,35,130,,130,
Chilopoda,Scolopendromorpha; ; ,adult,LEF El Verde [],f,1,50,50,459,,459,
Chilopoda,Scolopendromorpha; ; ,adult,LEF El Verde [],f,1,57,57,862,202,862,202
Chilopoda,Centipede; ; ,adult,LEF El Verde [],f,1,69,69,45,16.5,45,16.5
Diplopoda,Millipede; ; ,,LEF El Verde [],f,1,6,6,0.5,0.3,0.5,0.3
Diplopoda,Millipede; ; ,,LEF El Verde [],f,1,8,8,7,2.5,7,2.5
Diplopoda,Millipede; ; ,,LEF El Verde [],f,1,10,10,9,4,9,4
Diplopoda,Millipede; ; ,,LEF El Verde [],f,1,10,10,7,1.75,7,1.75
Diplopoda,Millipede; ; ,,LEF El Verde [],f,1,11,11,22,6,22,6
Diplopoda,Millipede; ; ,,LEF El Verde [],f,1,13,13,24,10,24,10
Diplopoda,Millipede; ; ,,LEF El Verde [],f,1,13,13,24,7.5,24,7.5
Diplopoda,Millipede; ; ,,LEF El Verde [],f,1,15,15,35,14,35,14
Diplopoda,Millipede; ; ,,LEF El Verde [],f,1,16,16,42,11,42,11
Diplopoda,Millipede; ; ,,LEF El Verde [],f,1,17,17,54,23,54,23
Diplopoda,Millipede; ; ,,LEF El Verde [],f,1,18,18,65,19,65,19
Diplopoda,Millipede; ; ,,LEF El Verde [],f,1,20,20,79,27,79,27
Diplopoda,Millipede; ; ,,LEF El Verde [],f,1,20,20,84,26,84,26
Diplopoda,Millipede; ; ,,LEF El Verde [],f,1,20,20,66,25,66,25
Diplopoda,Millipede; ; ,,LEF El Verde [],f,1,21,21,107,42,107,42
Diplopoda,Millipede; ; ,,LEF El Verde [],f,1,21,21,74,20,74,20
Diplopoda,Millipede; ; ,,LEF El Verde [],f,1,21,21,83,20,83,20
Diplopoda,Millipede; ; ,,LEF El Verde [],f,1,24,24,59,,59,
Diplopoda,Millipede; ; ,,LEF El Verde [],f,1,25,25,129,50,129,50
Diplopoda,Millipede; ; ,,LEF El Verde [],f,1,26,26,150,55,150,55
Diplopoda,Millipede; ; ,,LEF El Verde [],f,1,26,26,74,,74,
Diplopoda,Millipede; ; ,,LEF El Verde [],f,1,27,27,151,42,151,42
Diplopoda,Millipede; ; ,,LEF El Verde [],f,1,28,28,66,,66,
Diplopoda,Millipede; ; ,,LEF El Verde [],f,1,30,30,113,56,113,56
Diplopoda,Millipede; ; ,,LEF El Verde [],f,1,30,30,160,54,160,54
Diplopoda,Millipede; ; ,,LEF El Verde [],f,1,32,32,159,,159,
Diplopoda,Millipede; ; ,,LEF El Verde [],f,1,32,32,168,,168,
Diplopoda,Millipede; ; ,,LEF El Verde [],f,1,32,32,173,,173,
Diplopoda,Millipede; ; ,,LEF El Verde [],f,1,33,33,253,,253,
Diplopoda,Millipede; ; ,,LEF El Verde [],f,1,41,41,302,84,302,84
Isopoda,; Philoscia richmondi; ,adult,LEF El Verde [],f,3,4-Mar,3.5,5,1.5,1.67,0.5
Isopoda,; Philoscia richmondi; ,adult,LEF El Verde [],f,4,5-Apr,4.5,7,4,1.75,1
Isopoda,; Philoscia richmondi; ,adult,LEF El Verde [],f,3,5,5,12,,4,
Isopoda,; Philoscia richmondi; ,adult,LEF El Verde [],f,5,6-Apr,5.2,27,6,5.4,1.2
Isopoda,; Philoscia richmondi; ,adult,LEF El Verde [],f,10,4.5-7,5.7,64,17,6.4,1.7
Isopoda,; Philoscia richmondi; ,adult,LEF El Verde [],f,4,7-Jun,6.5,32,11,8,2.75
Isopoda,Oniscoid sp.; ; ,adult,LEF El Verde [],f,1,8,8,19,3.5,19,3.5
Annelida, Oligochaeta; Enchytridae; ,adult,LEF El Verde [1996],a,107,9-Mar,6,,7.5,,0.07
Arachnida, Araneae; Spider [various]; ,adult,LEF El Verde [1996],f,10,3-Jan,2,23,1,2.3,0.1
Arachnida, Araneae; Spider [jumping]; ,adult,LEF El Verde [1996],f,1,10,10,142,25,142,25
Arachnida, Opiliones; Opilionid; ,adult,LEF El Verde [1996],f,3,6-May,5.5,138,53,46,17.7
Chilopoda,Centipede; ; ,adult,LEF El Verde [1996],a,5,11-Apr,7.5,7,1.2,1.4,0.24
Chilopoda,Centipede; ; ,adult,LEF El Verde [1996],a,5,20-22,21,94,19.2,18.8,3.84
Chilopoda,Centipede; ; ,adult,LEF El Verde [1996],a,5,30-37,33.5,347,72.3,69.4,14.5
Diplopoda,Millipede; ; ,,LEF El Verde [1996],a,16,15-May,10,91.8,47,5.74,2.94
Diplopoda,Millipede; ; ,,LEF El Verde [1996],a,6,16-20,18,348,115,58,19.2
Diplopoda,Millipede; ; ,,LEF El Verde [1996],a,10,21-30,25.5,1111.8,353,111,35.3
Isopoda,Philoscia richmondi; ; ,adult,LEF El Verde [1996],f,21,<4,2.5,25,7,1.19,0.333
Isopoda,Philoscia richmondi; ; ,adult,LEF El Verde [1996],a,475,6-Feb,4,2380,233,5.01,0.491
Isopoda,Philoscia richmondi; ; ,adult,LEF El Verde [1996],f,48,6-Apr,5,265,52,5.52,1.08
Isopoda,Philoscia richmondi; ; ,adult,LEF El Verde [1996],f,12,8-Jun,7,148,27,12.3,2.25
Amphibia,Eleutherodactylus sp;  S-V length; ,adult,LEF El Verde [1999],f,1,30,30,,543,,543
Amphibia,Eleutherodactylus sp.;  S-V length; ,adult,LEF El Verde [1999],f,1,32,32,,550,,550
Onychophora,Peripatus sp.; ; ,adult,LEF El Verde [1999],f,1,80,80,1700,,1700,
Amphibia,Eleutherodactylus sp.;  S-V length; ,adult,LEF El Verde [2000],f,1,40,40,,3047,,3047
Amphibia,Eleutherodactylus sp.;  S-V length; ,adult,LEF El Verde [2000],f,1,,,,5750,,5750
Arachnida, Acari.Mites [various]; ; ,,LEF El Verde [2000],f,152,0.5-1,0.75,2.4,1,0.02,0.0066
Annelida, Oligochaeta; Lumbricidae; ,adult,LEF El Verde [2001],f,1,35,35,35,,35,
Annelida, Oligochaeta; Lumbricidae; ,adult,LEF El Verde [2001],f,1,40,40,10,,10,
Annelida, Oligochaeta; ; ,adult,LEF El Verde [2001],f,1,50,50,82,,82,
Annelida, Oligochaeta; Lumbricidae [blue Octochaetidae]; ,adult,LEF El Verde [2001],f,1,65,65,152,,152,
Annelida, Oligochaeta; Aulophorus superterrenus; ,adult,LEF El Verde [2003],f,185,5-Jan,3,,4,,0.022
Annelida, Oligochaeta.Aulophorus superterrenus; Aulophorus superterrenus; ,adult,LEF El Verde [2003],f,303,10-May,7.5,,17,,0.056
Annelida, Oligochaeta.Aulophorus superterrenus; Aulophorus superterrenus; ,adult,LEF El Verde [2003],f,113,15-Oct,12.5,,8,,0.071
Annelida, Oligochaeta.Aulophorus superterrenus; Aulophorus superterrenus; ,adult,LEF El Verde [2003],f,11,15-20,17.5,,1,,0.091
Amphibia,Eleutherodactylus sp;  S-V length; ,adult,LEF El Verde [2004],f,1,32,32,,2479,,2479
Amphibia,; Eleutherodactylus antillensis? S-V length; ,adult,LEF El Verde [2004],f,1,33,33,,3240,,3240
Annelida, Oligochaeta; ; ,adult,LEF El Verde [2004],f,2,20,20,6,,3,
Annelida, Oligochaeta.Enchytraeid [pink]; Enchytraeid [pink]; ,adult,LEF El Verde [2004],f,1,25,25,3,,3,
Arachnida, Araneae; Modismus montanus; ,,LEF El Verde [2004],f,1,2,2,2,,2,
Arachnida, Araneae; Masteria petrunkevichii; ,,LEF El Verde [2004],f,1,12,12,185,,185,
Arachnida, Opiliones; Opilionid; ,,LEF El Verde [2004],f,1,6,6,25,,25,
Chilopoda,Scolopendromorpha; ; ,,LEF El Verde [2004],f,1,20,20,16,,16,
Chilopoda,Scolopendromorpha; ; ,,LEF El Verde [2004],f,1,37,37,108,,108,
Chilopoda,Scolopendromorph; ; ,,LEF El Verde [2004],f,1,38,38,96,,96,
Chilopoda,Geophilomorpha; ; ,,LEF El Verde [2004],f,1,40,40,13,,13,
Diplopoda,Chordeumida; ; ,,LEF El Verde [2004],f,1,5,5,4,,4,
Diplopoda,Julida/Chordeumida ?; ; ,,LEF El Verde [2004],f,1,7,7,4,,4,
Diplopoda,Chordeumida; ; ,,LEF El Verde [2004],f,1,8,8,8,,8,
Diplopoda,Chordeumida; ; ,,LEF El Verde [2004],f,1,9,9,7,,7,
Diplopoda,Polydesmida; ; ,,LEF El Verde [2004],f,1,9,9,7,,7,
Diplopoda,Julida; ; ,,LEF El Verde [2004],f,1,10,10,14,,14,
Diplopoda,Julida ?; ; ,,LEF El Verde [2004],f,1,10,10,8,,8,
Diplopoda,Julida ?; ; ,,LEF El Verde [2004],f,1,11,11,7,,7,
Diplopoda,Julida ?; ; ,,LEF El Verde [2004],f,1,11,11,8,,8,
Diplopoda,Polydesmida; ; ,,LEF El Verde [2004],f,1,11,11,10,,10,
Diplopoda,Julida; ; ,,LEF El Verde [2004],f,1,12,12,33,,33,
Diplopoda,Polydesmida; ; ,,LEF El Verde [2004],f,1,12,12,14,,14,
Diplopoda,Polydesmida; ; ,,LEF El Verde [2004],f,1,12,12,16,,16,
Diplopoda,Julida; ; ,,LEF El Verde [2004],f,1,14,14,12,,12,
Diplopoda,Julida; ; ,,LEF El Verde [2004],f,1,15,15,15,,15,
Diplopoda,Julida ?; ; ,,LEF El Verde [2004],f,1,15,15,19,,19,
Diplopoda,Julida; ; ,,LEF El Verde [2004],f,1,16,16,11,,11,
Diplopoda,Spirobolida ?; ; ,,LEF El Verde [2004],f,1,21,21,45,,45,
Diplopoda,Millipede;  (golden brown); ,,LEF El Verde [2004],f,1,28,28,159,,159,
Diplopoda,Julida;  [golden]; ,,LEF El Verde [2004],f,1,30,30,212,,212,
Isopoda,; Philoscia richmondi; ,adult,LEF El Verde [2004],f,12,2,2,8,,0.667,
Isopoda,; Philoscia richmondi; ,adult,LEF El Verde [2004],f,3,3,3,4,,1.33,
Isopoda,; Philoscia richmondi; ,adult,LEF El Verde [2004],f,10,3,3,14,,1.4,
Isopoda,; Philoscia richmondi; ,adult,LEF El Verde [2004],f,3,4,4,8,,2.67,
Isopoda,; Philoscia richmondi; ,adult,LEF El Verde [2004],f,2,4,4,6,,3,
Isopoda,; Philoscia richmondi; ,adult,LEF El Verde [2004],f,4,5,5,14,,3.5,
Isopoda,; Philoscia richmondi; ,adult,LEF El Verde [2004],f,10,5,5,47,,4.7,
Isopoda,; Philoscia richmondi; ,adult,LEF El Verde [2004],f,3,6,6,21,,7,
Isopoda,; Philoscia richmondi; ,adult,LEF El Verde [2004],f,5,6,6,37,,7.4,
Isopoda,; Philoscia richmondi; ,adult,LEF El Verde [2004],f,1,6,6,10,,10,
Isopoda,Oniscoid sp.; ; ,adult,LEF El Verde [2004],f,1,8,8,12,,12,
Arachnida, Opiliones; Opilionid; ,,LEF El Yunque [2005],f,1,5,5,12,,12,
Arachnida, Opiliones; Opilionid; ,,LEF El Yunque [2005],f,1,5,5,31,10,31,10
Insecta, Isoptera; Nasutitermes costalis; ,nasute,LEF El Verde [1999],f,593,3,3,948.5,232.5,1.6,0.392
Arachnida, Pseudoscorpiones; Macrochernes attenuatus; ,nymph,LEF El Verde [1996],f,8,3-Feb,2.5,10,5,1.25,0.625
Insecta, Orthoptera; Cockroach; ,nymph,LEF El Verde [2004],f,3,2,2,2,,0.667,
Insecta, Orthoptera; Cockroach; ,nymph,LEF El Verde [1996],a,29,5-Feb,3.5,28,8.99,0.966,0.31
Insecta, Orthoptera; Cockroach; ,nymph,LEF El Verde [2004],f,1,4,4,2,,2,
Insecta, Orthoptera; Cockroach; ,nymph,LEF El Verde [],f,2,5-Apr,4.5,11,4,5.5,2
Insecta, Orthoptera; Cockroach; ,nymph,LEF El Verde [],f,1,6,6,4,1,4,1
Insecta, Orthoptera; Cockroach; ,nymph,LEF El Verde [],f,1,6,6,10,,10,
Insecta, Orthoptera; Cockroach; ,nymph,LEF El Verde [1996],a,10,8-Jun,7,89,17,8.9,1.7
Insecta, Orthoptera; Cockroach; ,nymph,LEF El Verde [2004],f,1,7,7,10,,10,
Insecta, Orthoptera; Cockroach; ,nymph,LEF El Verde [],f,1,8,8,8,1.5,8,1.5
Insecta, Orthoptera; Cockroach; ,nymph,LEF El Verde [],f,1,8.5,8.5,20,4.5,20,4.5
Insecta, Orthoptera; Cockroach; ,nymph,LEF El Verde [],f,1,10,10,33,5,33,5
Insecta, Orthoptera; Cockroach; ,nymph,LEF El Verde [1996],a,6,12-Sep,10.5,230,42,38.3,7
Insecta, Orthoptera; Cockroach; ,nymph,LEF El Verde [],f,1,12,12,57,,57,
Insecta, Orthoptera; Pelmatosilpha coriacea; ,nymph,LEF El Verde [],h,1,14,14,,27,,27
Insecta, Orthoptera; Cockroach; ,nymph,LEF El Verde [1996],a,3,15-16,15.5,596,106,199,35.3
Insecta, Orthoptera; Pelmatosilpha coriacea; ,nymph,LEF El Verde [],h,1,20,20,,192,,192
Insecta, Orthoptera; Pelmatosilpha coriacea; ,nymph,LEF El Verde [],h,1,22,22,,256,,256
Insecta, Orthoptera; Pelmatosilpha coriacea ; ,nymph,LEF El Verde [2004],f,1,23,23,580,,580,
Insecta, Diptera; Culex antillummagnorum; ,pupa,LEF El Verde [2004],f,2,3,3,5,,2.5,
Insecta, Diptera; Culex sp.; ,pupa,LEF El Verde [2006],f,42,6,6,,19.79,,0.471
Ostracoda,Metacyparis ?; ; San Juan,, Jardin Botanico [2006],f,400,0.4-0.6,0.5,,2.62,,0.0066
Ostracoda,Metacyparis ?; ; San Juan,, Jardin Botanico [2006],f,500,0.8,0.8,,17.15,,0.034
Ostracoda,Metacyparis ?; ; San Juan,, Jardin Botanico [2006],f,448,0.4-0.8,0.7,,9,,0.02
Arachnida, Opiliones; Opilionid; Toro Negro [2005],,,f,1,5,5,23,,23,
Insecta, Isoptera; Nasutitermes costalis; winged,,LEF El Verde [1999],f,16,6.5,6.5,174,70.5,10.9,4.41
Insecta, Isoptera; Parvitermes discolor; workers,,LEF El Verde [1999],f,121,3,3,225,47,1.86,0.388
Arachnida, Acari.various; various;  mostly oribatid; ; ,,LEF El Verde [2006],a,817,0.1-0.4,0.25,,1.595,,0.002
Arachnida, Acari.various; various;  mostly oribatid; ; ,,LEF El Verde [2006],a,480,0.4-0.8,0.6,,3.36,,0.007
Arachnida, Acari.various; various;  mostly oribatid; ; ,,LEF El Verde [2006],a,37,0.8-1,0.9,,1.28,,0.0346
Arachnida, Acari.various;  mostly oribatid; ; ,,LEF El Verde [2006],a,2,1.5,1.5,,0.545,,0.272
Arachnida, Araneae; Spider; various;  unident.; ,,LEF El Verde [],f,1,2,2,3,,3,
Arachnida, Araneae; Spider; various;  unident.; ,,LEF El Verde [],f,2,4,4,12,,6,
Arachnida, Araneae; Spider; various;  unident.; ,,LEF El Verde [],f,1,5,5,22,,22,
Arachnida, Araneae; Spider; various;  unident.; ,,LEF El Verde [],f,1,12,12,73,,73,
Arachnida, Pseudoscorpiones; Macrochernes attenuatus; ,,LEF El Verde [2004],f,23,3,3,41,,1.78,
Arachnida, Pseudoscorpiones; Macrochernes attenuatus; ,,LEF El Verde [2004],f,5,3.5,3.5,12,,2.4,
Arachnida, Pseudoscorpiones; Macrochernes attenuatus; ,,LEF El Verde [2004],f,1,3.5,3.5,6,,6,
Arachnida, Pseudoscorpiones; Macrochernes attenuatus; ,,LEF El Verde [2004],f,1,4,4,4,,4,
Arachnida, Pseudoscorpiones; Macrochernes attenuatus; ,,LEF El Verde [2004],f,1,4,4,5,,5,
Arachnida, Scorpiones; Tityus obtusus; ,,LEF El Verde [2004],f,1,40,40,320,,320,
Mollusca, Gastropoda; Polydontes acutangulata (inc. shell); ,,LEF El Verde [2004],f,1,9,9,196,71,196,71
Mollusca, Gastropoda; Polydontes acutangulata (inc. shell); ,,LEF El Verde [2004],f,1,9,9,157,39,157,39
Mollusca, Gastropoda; Polydontes acutangulata (inc. shell); ,,LEF El Verde [2004],f,1,9.5,9.5,168,53,168,53
Mollusca, Gastropoda; Polydontes acutangulata (inc. shell); ,,LEF El Verde [2004],f,1,10,10,207,58,207,58
Mollusca, Gastropoda; Polydontes acutangulata (inc. shell); ,,LEF El Verde [2004],f,1,10.5,10.5,246,83,246,83
Mollusca, Gastropoda; Polydontes acutangulata (inc. shell); ,,LEF El Verde [2004],f,1,11,11,304,111,304,111
Mollusca, Gastropoda; Polydontes acutangulata (inc. shell); ,,LEF El Verde [2004],f,1,11,11,255,92,255,92
Mollusca, Gastropoda; Polydontes acutangulata (inc. shell); ,,LEF El Verde [2004],f,1,11,11,236,91,236,91
Mollusca, Gastropoda; Polydontes acutangulata (inc. shell); ,,LEF El Verde [2004],f,1,11,11,266,68,266,68
Mollusca, Gastropoda; Polydontes acutangulata (inc. shell); ,,LEF El Verde [2004],f,1,12,12,285,94,285,94
Mollusca, Gastropoda; Snail unidentified (inc. shell); ,,LEF El Verde [2004],f,1,14,14,647,199,647,199
Mollusca, Gastropoda; Oleacina glabra [diam/ht]; ,,LEF El Verde [2004],f,1,14,14,972,132,972,132
Mollusca, Gastropoda; Caracolus caracolla (inc. shell); ,,LEF El Verde [2004],f,1,22,22,3058,2228,3058,2228
Mollusca, Gastropoda; Caracolus caracolla (inc. shell); ,,LEF El Verde [2004],f,1,23,23,1749,917,1749,917
Mollusca, Gastropoda; Caracolus caracolla (inc. shell); ,,LEF El Verde [2004],f,1,23,23,1633,685,1633,685
Mollusca, Gastropoda; Nenia tridens (inc. shell) [shell length]; ,,LEF El Verde [2004],f,1,24,24,400,231,400,231
Mollusca, Gastropoda; Caracolus caracolla (inc. shell); ,,LEF El Verde [2004],f,1,25,25,2920,1788,2920,1788
Mollusca, Gastropoda; Nenia tridens (inc. shell) [shell length]; ,,LEF El Verde [2004],f,1,25,25,448,267,448,267
Mollusca, Gastropoda; Nenia tridens (inc. shell) [shell length]; ,,LEF El Verde [2004],f,1,25,25,415,247,415,247
Mollusca, Gastropoda; Nenia tridens (inc. shell) [shell length]; ,,LEF El Verde [2004],f,1,25,25,439,224,439,224
Mollusca, Gastropoda; Caracolus caracolla (inc. shell); ,,LEF El Verde [2004],f,1,26,26,3355,2332,3355,2332
Mollusca, Gastropoda; Polydontes luquillensis (inc. shell); ,,LEF El Verde [2004],f,1,26,26,4918,2328,4918,2328
Mollusca, Gastropoda; Caracolus caracolla (inc. shell); ,,LEF El Verde [2004],f,1,26,26,2957,1790,2957,1790
Mollusca, Gastropoda; Caracolus caracolla (inc. shell); ,,LEF El Verde [2004],f,1,26,26,2693,1621,2693,1621
Mollusca, Gastropoda; Nenia tridens (inc. shell) [shell length]; ,,LEF El Verde [2004],f,1,26,26,466,261,466,261
Mollusca, Gastropoda; Polydontes luquillensis (inc. shell); ,,LEF El Verde [2004],f,1,27,27,5774,2350,5774,2350
Mollusca, Gastropoda; Polydontes luquillensis (inc. shell); ,,LEF El Verde [2004],f,1,27,27,4762,1692,4762,1692
Mollusca, Gastropoda; Caracolus caracolla (inc. shell); ,,LEF El Verde [2004],f,1,28,28,5367,3371,5367,3371
Mollusca, Gastropoda; Polydontes luquillensis (inc. shell); ,,LEF El Verde [2004],f,1,28,28,5691,2440,5691,2440
Mollusca, Gastropoda; Caracolus caracolla (inc. shell); ,,LEF El Verde [2004],f,1,28,28,2957,1662,2957,1662
Mollusca, Gastropoda; Caracolus caracolla (inc. shell); ,,LEF El Verde [2004],f,1,28,28,2710,1283,2710,1283
Mollusca, Gastropoda; Nenia tridens (inc. shell) [shell length]; ,,LEF El Verde [2004],f,1,28,28,571,299,571,299
Mollusca, Gastropoda; Nenia tridens (inc. shell) [shell length]; ,,LEF El Verde [2004],f,1,28,28,357,152,357,152
Mollusca, Gastropoda; Polydontes luquillensis (inc. shell); ,,LEF El Verde [2004],f,1,29,29,5627,2818,5627,2818
Mollusca, Gastropoda; Caracolus caracolla (inc. shell); ,,LEF El Verde [2004],f,1,30,30,5438,3805,5438,3805
Mollusca, Gastropoda; Caracolus caracolla (inc. shell); ,,LEF El Verde [2004],f,1,32,32,6563,4358,6563,4358
Mollusca, Gastropoda; Caracolus caracolla (inc. shell); ,,LEF El Verde [2004],f,1,33,33,6210,3985,6210,3985
Mollusca, Gastropoda; Caracolus caracolla (inc. shell); ,,LEF El Verde [2004],f,1,33,33,6299,3411,6299,3411
Mollusca, Gastropoda; Caracolus caracolla (inc. shell); ,,LEF El Verde [2004],f,1,34,34,7317,4375,7317,4375
Mollusca, Gastropoda; Caracolus caracolla (inc. shell); ,,LEF El Verde [2004],f,1,34,34,7017,4346,7017,4346
Mollusca, Gastropoda; Caracolus caracolla (inc. shell); ,,LEF El Verde [2004],f,1,35,35,8875,4892,8875,4892
Mollusca, Gastropoda; Caracolus caracolla (inc. shell); ,,LEF El Verde [2004],f,1,36,36,10356,6485,10356,6485
Mollusca, Gastropoda; Caracolus caracolla (inc. shell); ,,LEF El Verde [2004],f,1,36,36,9471,6097,9471,6097
Mollusca, Gastropoda; Caracolus caracolla (inc. shell); ,,LEF El Verde [2004],f,1,36,36,8162,5021,8162,5021
Mollusca, Gastropoda; Caracolus caracolla (inc. shell); ,,LEF El Verde [2004],f,1,37,37,7733,4544,7733,4544
Mollusca, Gastropoda; Caracolus caracolla (inc. shell); ,,LEF El Verde [2004],f,1,38,38,9215,4743,9215,4743
Mollusca, Gastropoda; Caracolus caracolla (inc. shell); ,,LEF El Verde [2004],f,1,40,40,14282,8680,14282,8680
Mollusca, Gastropoda; Caracolus caracolla (inc. shell); ,,LEF El Verde [2004],f,1,40,40,12993,7541,12993,7541
Mollusca, Gastropoda; Caracolus caracolla (inc. shell); ,,LEF El Verde [2004],f,1,42,42,15104,9300,15104,9300
Mollusca, Gastropoda; Caracolus caracolla (inc. shell); ,,LEF El Verde [2004],f,1,42,42,14745,8315,14745,8315
Mollusca, Gastropoda; Caracolus caracolla (inc. shell); ,,LEF El Verde [2004],f,1,48,48,21522,12120,21522,12120
Mollusca, Gastropoda; Caracolus caracolla (inc. shell); ,,LEF El Verde [2004],f,1,49,49,23669,14361,23669,14361
Mollusca, Gastropoda; Caracolus caracolla (inc. shell); ,,LEF El Verde [2004],f,1,49,49,23850,13326,23850,13326
Mollusca, Gastropoda; slug [50 long x 20 wide]; ,,LEF El Verde [2004],f,1,50,50,3637,,3637,
Mollusca, Gastropoda; Caracolus caracolla (inc. shell); ,,LEF El Verde [2004],f,1,51,51,25362,12355,25362,12355
Mollusca, Gastropoda; Caracolus caracolla (inc. shell); ,,LEF El Verde [2004],f,1,52,52,25789,13293,25789,13293
Mollusca, Gastropoda; Caracolus caracolla (inc. shell); ,,LEF El Verde [2004],f,1,52,52,22620,10047,22620,10047
Mollusca, Gastropoda; Caracolus caracolla (inc. shell); ,,LEF El Verde [2004],f,1,54,54,30860,14910,30860,14910
Mollusca, Gastropoda; slug [54 long x 18 wide]; ,,LEF El Verde [2004],f,1,54,54,3991,,3991,
Mollusca, Gastropoda; Caracolus caracolla (inc. shell); ,,LEF El Verde [2004],f,1,55,55,32608,17951,32608,17951
Mollusca, Gastropoda; Caracolus caracolla (inc. shell); ,,LEF El Verde [2004],f,1,55,55,28610,17415,28610,17415
Mollusca, Gastropoda; Caracolus caracolla (inc. shell); ,,LEF El Verde [2004],f,1,55,55,32141,16101,32141,16101
Mollusca, Gastropoda; Caracolus caracolla (inc. shell); ,,LEF El Verde [2004],f,1,55,55,27916,15071,27916,15071
Mollusca, Gastropoda; Caracolus caracolla (inc. shell); ,,LEF El Verde [2004],f,1,55,55,28613,13879,28613,13879
